Customer_ID,Gender,Age,Married,State,Number_of_Referrals,Tenure_in_Months,Value_Deal,Phone_Service,Multiple_Lines,Internet_Service,Internet_Type,Online_Security,Online_Backup,Device_Protection_Plan,Premium_Support,Streaming_TV,Streaming_Movies,Streaming_Music,Unlimited_Data,Contract,Paperless_Billing,Payment_Method,Monthly_Charge,Total_Charges,Total_Refunds,Total_Extra_Data_Charges,Total_Long_Distance_Charges,Total_Revenue,Customer_Status,Churn_Category,Churn_Reason,Customer_Status_Predicted
72357-MAD,Female,53,No,Madhya Pradesh,14,12,Deal 5,Yes,No,Yes,DSL,No,No,No,No,No,No,No,Yes,Month-to-Month,Yes,Credit Card,44.3,44.3,0.0,0,42.95,87.25,Joined,Others,Others,1
66712-GUJ,Female,47,Yes,Gujarat,6,33,Deal 5,Yes,No,Yes,Fiber Optic,No,Yes,No,No,No,Yes,Yes,Yes,Month-to-Month,No,Bank Withdrawal,84.3,235.05,0.0,0,41.16,276.21,Joined,Others,Others,1
34110-MAH,Female,20,Yes,Maharashtra,6,3,,Yes,Yes,Yes,Cable,No,No,No,No,No,No,No,Yes,Month-to-Month,Yes,Bank Withdrawal,50.1,50.1,0.0,0,29.13,79.23,Joined,Others,Others,1
12056-WES,Male,27,No,West Bengal,2,20,,Yes,No,Yes,Fiber Optic,No,Yes,Yes,No,No,Yes,Yes,Yes,Month-to-Month,No,Bank Withdrawal,90.4,268.45,0.0,0,94.44,362.89,Joined,Others,Others,1
82129-JHA,Female,26,No,Jharkhand,9,8,Deal 5,Yes,No,Yes,DSL,No,Yes,No,No,Yes,No,No,Yes,Month-to-Month,Yes,Credit Card,58.7,168.6,0.0,0,34.41,203.01,Joined,Others,Others,1
47133-ODI,Female,60,Yes,Odisha,15,8,,Yes,No,Yes,Cable,No,No,No,No,No,No,No,Yes,Month-to-Month,No,Bank Withdrawal,44.6,122.7,0.0,0,46.77,169.47,Joined,Others,Others,1
21288-MAH,Female,63,No,Maharashtra,12,34,,Yes,Yes,Yes,DSL,No,No,No,No,Yes,No,No,No,Month-to-Month,Yes,Bank Withdrawal,60.25,170.5,0.0,70,60.3,300.8,Joined,Others,Others,1
83994-DEL,Male,48,Yes,Delhi,8,24,,Yes,No,Yes,Fiber Optic,No,No,No,No,Yes,Yes,Yes,Yes,Month-to-Month,No,Credit Card,90.7,237.65,0.0,0,16.17,253.82,Joined,Others,Others,1
24754-AND,Female,63,Yes,Andhra Pradesh,0,28,,Yes,No,Yes,Fiber Optic,No,No,No,No,No,No,No,Yes,Month-to-Month,Yes,Bank Withdrawal,69.55,200.2,33.8,0,5.01,171.41,Joined,Others,Others,1
24990-WES,Female,36,No,West Bengal,8,24,,Yes,No,Yes,Fiber Optic,No,No,No,No,No,No,No,Yes,Month-to-Month,Yes,Bank Withdrawal,71.65,135.75,0.0,0,58.06,193.81,Joined,Others,Others,1
26500-GUJ,Female,62,Yes,Gujarat,3,19,Deal 5,Yes,No,Yes,Cable,Yes,No,No,No,No,Yes,Yes,Yes,Month-to-Month,Yes,Mailed Check,62.15,113.1,0.0,0,96.78,209.88,Joined,Others,Others,1
17796-BIH,Female,65,No,Bihar,5,1,,Yes,No,Yes,Cable,Yes,No,No,No,No,No,No,Yes,Month-to-Month,Yes,Bank Withdrawal,48.45,48.45,0.0,0,16.42,64.87,Joined,Others,Others,1
21956-JHA,Female,59,Yes,Jharkhand,10,8,,Yes,No,Yes,Fiber Optic,Yes,No,No,Yes,No,No,No,No,Month-to-Month,Yes,Credit Card,82.3,214.4,0.0,20,134.91,369.31,Joined,Others,Others,1
71509-HAR,Female,40,No,Haryana,3,27,,Yes,No,Yes,DSL,No,No,No,No,Yes,No,No,Yes,Month-to-Month,Yes,Bank Withdrawal,54.65,54.65,0.0,0,36.33,90.98,Joined,Others,Others,1
62535-AND,Male,42,No,Andhra Pradesh,8,22,Deal 5,Yes,No,Yes,Cable,No,No,No,Yes,Yes,Yes,Yes,Yes,Month-to-Month,No,Credit Card,70.7,225.65,0.0,0,75.12,300.77,Joined,Others,Others,1
91835-GUJ,Male,21,Yes,Gujarat,12,5,,Yes,No,Yes,Cable,No,No,Yes,Yes,Yes,Yes,Yes,Yes,Month-to-Month,Yes,Bank Withdrawal,75.5,75.5,0.0,0,5.63,81.13,Joined,Others,Others,1
42358-BIH,Female,53,No,Bihar,9,35,,Yes,No,Yes,DSL,No,No,No,No,Yes,No,No,Yes,Month-to-Month,Yes,Bank Withdrawal,54.2,140.4,0.0,0,124.14,264.54,Joined,Others,Others,1
44709-WES,Female,72,Yes,West Bengal,7,17,,No,No,Yes,DSL,No,Yes,No,No,No,No,No,Yes,Month-to-Month,Yes,Bank Withdrawal,30.75,82.85,0.0,0,0.0,82.85,Joined,Others,Others,1
78918-BIH,Female,59,No,Bihar,12,11,Deal 5,Yes,No,Yes,Fiber Optic,Yes,No,No,No,No,Yes,Yes,Yes,Month-to-Month,Yes,Credit Card,86.05,244.85,0.0,0,54.78,299.63,Joined,Others,Others,1
99515-ASS,Male,34,No,Assam,11,11,,Yes,Yes,Yes,Cable,No,No,No,Yes,Yes,No,No,Yes,Month-to-Month,Yes,Credit Card,65.25,209.9,0.0,0,128.04,337.94,Joined,Others,Others,1
26902-TEL,Male,52,Yes,Telangana,7,2,,Yes,No,Yes,Fiber Optic,No,No,No,Yes,Yes,Yes,Yes,Yes,Month-to-Month,Yes,Bank Withdrawal,95.85,95.85,0.0,0,2.7,98.55,Joined,Others,Others,1
84843-MAD,Female,57,Yes,Madhya Pradesh,11,8,,Yes,Yes,Yes,Fiber Optic,No,No,No,No,No,No,No,Yes,Month-to-Month,Yes,Bank Withdrawal,75.1,75.1,0.0,0,4.53,79.63,Joined,Others,Others,1
48939-BIH,Female,38,Yes,Bihar,1,6,,Yes,No,Yes,DSL,No,Yes,No,No,No,No,No,Yes,Month-to-Month,No,Bank Withdrawal,49.95,49.95,0.0,0,44.98,94.93,Joined,Others,Others,1
67882-UTT,Female,44,No,Uttar Pradesh,3,16,Deal 5,Yes,No,Yes,DSL,No,No,No,No,No,No,No,Yes,Month-to-Month,No,Bank Withdrawal,43.8,43.8,0.0,0,37.5,81.3,Joined,Others,Others,1
78253-GUJ,Male,63,No,Gujarat,13,30,,Yes,No,Yes,Fiber Optic,No,Yes,No,No,No,Yes,Yes,Yes,Month-to-Month,Yes,Bank Withdrawal,85.0,85.0,0.0,0,15.2,100.2,Joined,Others,Others,1
66868-HAR,Female,25,Yes,Haryana,13,10,,Yes,No,Yes,Fiber Optic,No,No,No,No,No,No,No,No,Month-to-Month,Yes,Bank Withdrawal,70.25,70.25,0.0,10,10.05,90.3,Joined,Others,Others,1
74518-ODI,Female,27,No,Odisha,13,13,Deal 5,Yes,No,Yes,DSL,No,No,No,No,No,No,No,Yes,Month-to-Month,No,Bank Withdrawal,44.45,82.7,0.0,0,37.4,120.1,Joined,Others,Others,1
83486-MAH,Male,34,No,Maharashtra,5,4,Deal 5,Yes,No,Yes,Fiber Optic,No,No,Yes,No,No,No,No,Yes,Month-to-Month,No,Credit Card,75.35,75.35,0.0,0,38.89,114.24,Joined,Others,Others,1
45213-AND,Female,25,Yes,Andhra Pradesh,15,5,Deal 5,Yes,No,Yes,Cable,Yes,No,No,No,No,Yes,Yes,Yes,Month-to-Month,Yes,Credit Card,61.2,125.95,0.0,0,64.12,190.07,Joined,Others,Others,1
73044-KAR,Male,23,Yes,Karnataka,15,5,,Yes,No,Yes,Fiber Optic,No,Yes,No,No,No,No,No,Yes,Month-to-Month,No,Credit Card,74.6,74.6,0.0,0,42.99,117.59,Joined,Others,Others,1
94070-JAM,Female,21,Yes,Jammu & Kashmir,8,3,,Yes,No,Yes,Fiber Optic,No,No,No,No,Yes,Yes,Yes,Yes,Month-to-Month,Yes,Bank Withdrawal,90.1,90.1,0.0,0,24.33,114.43,Joined,Others,Others,1
85031-RAJ,Female,60,No,Rajasthan,1,4,Deal 5,Yes,No,Yes,DSL,No,No,No,No,No,No,No,Yes,Month-to-Month,No,Bank Withdrawal,44.0,44.0,0.0,0,13.4,57.4,Joined,Others,Others,1
28873-TAM,Male,55,No,Tamil Nadu,7,4,,Yes,No,Yes,Fiber Optic,No,Yes,No,No,No,No,No,Yes,Month-to-Month,No,Bank Withdrawal,74.95,151.75,0.0,0,7.52,159.27,Joined,Others,Others,1
84789-PUN,Male,46,No,Punjab,9,19,Deal 5,Yes,No,Yes,Fiber Optic,No,Yes,Yes,Yes,Yes,Yes,Yes,Yes,Month-to-Month,Yes,Bank Withdrawal,107.95,318.6,0.0,0,37.98,356.58,Joined,Others,Others,1
16068-BIH,Female,44,Yes,Bihar,4,25,Deal 5,No,No,Yes,DSL,No,No,No,No,No,No,No,No,Month-to-Month,No,Bank Withdrawal,25.25,25.25,0.0,10,0.0,35.25,Joined,Others,Others,1
84613-BIH,Female,30,No,Bihar,8,22,Deal 5,Yes,Yes,Yes,Fiber Optic,No,Yes,No,No,No,No,No,No,Month-to-Month,Yes,Credit Card,79.15,79.15,0.0,60,18.0,157.15,Joined,Others,Others,1
91320-PUD,Female,58,No,Puducherry,0,18,,Yes,No,Yes,Fiber Optic,No,No,No,No,No,No,No,Yes,Month-to-Month,No,Bank Withdrawal,70.1,70.1,0.0,0,1.15,71.25,Joined,Others,Others,1
19539-PUN,Female,37,Yes,Punjab,14,8,Deal 5,Yes,No,Yes,DSL,No,No,No,No,No,No,No,Yes,Month-to-Month,Yes,Credit Card,45.4,45.4,0.0,0,49.33,94.73,Joined,Others,Others,1
45038-BIH,Female,25,Yes,Bihar,7,14,,Yes,No,Yes,Fiber Optic,Yes,No,No,No,No,No,No,Yes,Month-to-Month,Yes,Bank Withdrawal,74.55,233.65,0.0,0,30.3,263.95,Joined,Others,Others,1
86362-ASS,Female,35,Yes,Assam,15,11,,Yes,No,Yes,Fiber Optic,No,No,No,Yes,No,No,No,Yes,Month-to-Month,Yes,Mailed Check,74.3,74.3,0.0,0,39.55,113.85,Joined,Others,Others,1
64327-AND,Female,59,Yes,Andhra Pradesh,8,9,,Yes,No,No,,No,No,No,No,No,No,No,No,Month-to-Month,Yes,Credit Card,20.65,20.65,0.0,0,35.24,55.89,Joined,Others,Others,1
13058-MAD,Female,58,No,Madhya Pradesh,13,22,,Yes,No,Yes,DSL,No,No,No,No,No,No,No,Yes,Month-to-Month,Yes,Mailed Check,46.1,130.15,0.0,0,7.98,138.13,Joined,Others,Others,1
15349-UTT,Male,47,Yes,Uttar Pradesh,9,12,Deal 5,Yes,Yes,Yes,DSL,No,No,No,No,No,No,No,Yes,Month-to-Month,Yes,Bank Withdrawal,50.15,50.15,0.0,0,39.87,90.02,Joined,Others,Others,1
28281-KAR,Male,56,Yes,Karnataka,8,32,Deal 5,Yes,No,Yes,Fiber Optic,No,No,No,No,No,Yes,Yes,Yes,Month-to-Month,Yes,Bank Withdrawal,80.35,253.8,0.0,0,148.89,402.69,Joined,Others,Others,1
12490-TEL,Female,52,No,Telangana,9,6,,Yes,No,Yes,Fiber Optic,No,No,Yes,No,No,No,No,Yes,Month-to-Month,Yes,Mailed Check,74.75,238.1,38.84,0,37.5,236.76,Joined,Others,Others,1
62968-UTT,Female,18,No,Uttar Pradesh,4,3,,Yes,No,Yes,Cable,No,No,No,Yes,No,Yes,Yes,Yes,Month-to-Month,Yes,Credit Card,59.55,59.55,0.0,0,41.39,100.94,Joined,Others,Others,1
68826-MAH,Male,48,No,Maharashtra,14,1,,No,No,Yes,Cable,No,No,No,No,No,No,No,No,Month-to-Month,Yes,Bank Withdrawal,24.7,24.7,0.0,0,0.0,24.7,Joined,Others,Others,1
32563-KAR,Female,34,Yes,Karnataka,3,22,,Yes,No,Yes,Fiber Optic,No,No,No,No,No,No,No,No,Month-to-Month,Yes,Bank Withdrawal,69.8,146.65,0.0,10,22.38,179.03,Joined,Others,Others,1
36284-ODI,Male,43,Yes,Odisha,4,13,,Yes,No,Yes,DSL,No,No,No,No,No,No,No,Yes,Month-to-Month,No,Bank Withdrawal,44.55,44.55,0.0,0,41.1,85.65,Joined,Others,Others,1
46378-MAH,Female,59,Yes,Maharashtra,15,10,,Yes,No,Yes,Fiber Optic,No,No,No,No,No,No,No,Yes,Month-to-Month,Yes,Credit Card,70.4,154.8,0.0,0,14.98,169.78,Joined,Others,Others,1
44202-TEL,Female,50,Yes,Telangana,9,14,,Yes,No,Yes,Fiber Optic,No,No,No,No,No,No,No,Yes,Month-to-Month,Yes,Credit Card,69.95,69.95,0.0,0,11.45,81.4,Joined,Others,Others,1
19837-TAM,Female,57,Yes,Tamil Nadu,4,6,,No,No,Yes,Cable,No,Yes,No,No,Yes,Yes,Yes,Yes,Month-to-Month,No,Bank Withdrawal,51.4,96.8,0.0,0,0.0,96.8,Joined,Others,Others,1
13666-UTT,Male,57,Yes,Uttarakhand,15,16,,Yes,No,Yes,Fiber Optic,No,Yes,No,No,Yes,Yes,Yes,Yes,Month-to-Month,No,Bank Withdrawal,95.4,293.15,0.0,0,51.03,344.18,Joined,Others,Others,1
63464-AND,Male,48,No,Andhra Pradesh,7,5,,Yes,No,Yes,DSL,No,No,No,Yes,No,Yes,Yes,Yes,Month-to-Month,No,Credit Card,60.65,196.9,0.0,0,67.47,264.37,Joined,Others,Others,1
92134-BIH,Male,24,No,Bihar,5,11,,No,No,Yes,DSL,No,No,No,No,Yes,No,No,Yes,Month-to-Month,Yes,Credit Card,34.8,113.95,0.0,0,0.0,113.95,Joined,Others,Others,1
19811-MAH,Female,35,Yes,Maharashtra,10,7,Deal 5,Yes,No,Yes,Fiber Optic,Yes,Yes,No,No,Yes,No,No,Yes,Month-to-Month,No,Bank Withdrawal,89.85,248.4,0.0,0,99.9,348.3,Joined,Others,Others,1
82473-AND,Male,63,Yes,Andhra Pradesh,10,1,Deal 5,No,No,Yes,DSL,No,Yes,No,No,No,No,No,Yes,Month-to-Month,No,Credit Card,29.8,94.4,0.0,0,0.0,94.4,Joined,Others,Others,1
83196-UTT,Female,61,Yes,Uttar Pradesh,3,10,,Yes,Yes,Yes,Fiber Optic,Yes,No,No,No,No,No,No,Yes,Month-to-Month,No,Credit Card,80.55,188.1,0.0,0,10.6,198.7,Joined,Others,Others,1
52279-TAM,Male,53,No,Tamil Nadu,15,26,Deal 5,Yes,No,Yes,Fiber Optic,No,No,No,No,Yes,No,No,Yes,Month-to-Month,Yes,Bank Withdrawal,80.7,239.45,0.0,0,71.16,310.61,Joined,Others,Others,1
19541-ODI,Female,37,Yes,Odisha,15,14,Deal 5,Yes,No,Yes,Cable,No,No,No,No,No,No,No,Yes,Month-to-Month,Yes,Credit Card,45.25,74.2,0.0,0,79.0,153.2,Joined,Others,Others,1
79777-MAH,Male,77,Yes,Maharashtra,13,33,,Yes,Yes,Yes,Fiber Optic,No,No,No,No,No,No,No,Yes,Month-to-Month,Yes,Mailed Check,72.6,154.3,0.0,0,30.38,184.68,Joined,Others,Others,1
97828-MAH,Female,57,No,Maharashtra,0,12,Deal 5,Yes,No,Yes,Fiber Optic,No,No,No,No,Yes,Yes,Yes,Yes,Month-to-Month,Yes,Bank Withdrawal,92.0,266.8,0.0,0,46.8,313.6,Joined,Others,Others,1
54564-AND,Female,55,Yes,Andhra Pradesh,11,7,,Yes,Yes,Yes,Fiber Optic,No,No,No,No,No,No,No,Yes,Month-to-Month,No,Bank Withdrawal,76.1,257.6,0.0,0,43.05,300.65,Joined,Others,Others,1
39623-HAR,Female,85,No,Haryana,2,10,Deal 5,Yes,No,Yes,Fiber Optic,No,Yes,No,No,No,No,No,No,Month-to-Month,Yes,Bank Withdrawal,74.6,239.05,0.0,30,118.53,387.58,Joined,Others,Others,1
82010-WES,Female,46,No,West Bengal,14,7,Deal 5,Yes,Yes,Yes,Fiber Optic,No,Yes,No,No,No,No,No,Yes,Month-to-Month,No,Bank Withdrawal,79.55,151.75,0.0,0,51.12,202.87,Joined,Others,Others,1
46865-PUN,Female,18,No,Punjab,11,1,Deal 5,Yes,Yes,Yes,Fiber Optic,No,Yes,No,No,No,No,No,Yes,Month-to-Month,Yes,Bank Withdrawal,79.45,145.15,0.0,0,57.22,202.37,Joined,Others,Others,1
73547-KAR,Female,43,Yes,Karnataka,13,16,,Yes,Yes,Yes,Fiber Optic,No,No,No,No,Yes,No,No,Yes,Month-to-Month,Yes,Bank Withdrawal,84.05,134.05,0.0,0,44.46,178.51,Joined,Others,Others,1
12469-AND,Male,24,Yes,Andhra Pradesh,11,4,,Yes,No,Yes,DSL,No,No,No,No,Yes,No,No,Yes,Month-to-Month,Yes,Credit Card,55.3,55.3,0.0,0,36.69,91.99,Joined,Others,Others,1
77137-MAH,Male,52,No,Maharashtra,1,8,Deal 5,Yes,No,Yes,DSL,No,No,No,No,No,No,No,Yes,Month-to-Month,Yes,Mailed Check,45.55,45.55,0.0,0,16.34,61.89,Joined,Others,Others,1
24696-BIH,Female,69,Yes,Bihar,0,20,Deal 5,Yes,No,Yes,DSL,No,No,No,No,No,No,No,Yes,Month-to-Month,No,Bank Withdrawal,43.95,85.1,0.0,0,38.18,123.28,Joined,Others,Others,1
72391-UTT,Male,35,No,Uttar Pradesh,1,7,,No,No,Yes,DSL,No,No,No,No,No,Yes,Yes,Yes,Month-to-Month,No,Bank Withdrawal,35.0,35.0,0.0,0,0.0,35.0,Joined,Others,Others,1
19998-AND,Female,18,No,Andhra Pradesh,0,2,Deal 5,Yes,No,Yes,Fiber Optic,No,No,Yes,No,No,Yes,Yes,Yes,Month-to-Month,No,Credit Card,85.7,256.75,0.0,0,89.52,346.27,Joined,Others,Others,1
66669-HAR,Male,44,No,Haryana,12,32,Deal 5,Yes,No,Yes,Cable,No,No,No,No,No,No,No,Yes,Month-to-Month,Yes,Bank Withdrawal,44.05,44.05,0.0,0,30.73,74.78,Joined,Others,Others,1
43877-PUN,Male,23,No,Punjab,6,3,,Yes,No,Yes,DSL,No,No,Yes,No,No,Yes,Yes,Yes,Month-to-Month,No,Bank Withdrawal,60.85,111.4,0.0,0,30.5,141.9,Joined,Others,Others,1
56256-UTT,Male,40,No,Uttar Pradesh,14,15,,Yes,No,Yes,Fiber Optic,No,No,No,No,No,No,No,Yes,Month-to-Month,Yes,Credit Card,70.3,220.4,0.0,0,29.22,249.62,Joined,Others,Others,1
86970-KER,Male,57,Yes,Kerala,2,9,,Yes,No,Yes,DSL,No,Yes,No,No,No,No,No,No,Month-to-Month,No,Bank Withdrawal,49.5,49.5,0.0,30,16.99,96.49,Joined,Others,Others,1
66766-UTT,Female,38,No,Uttar Pradesh,6,10,Deal 5,Yes,Yes,Yes,Fiber Optic,No,No,No,No,No,No,No,Yes,Month-to-Month,Yes,Bank Withdrawal,74.95,212.4,27.6,0,4.92,189.72,Joined,Others,Others,1
34713-KER,Male,58,Yes,Kerala,1,29,Deal 5,Yes,Yes,Yes,Fiber Optic,Yes,No,No,No,No,Yes,Yes,Yes,Month-to-Month,No,Credit Card,90.75,174.75,0.0,0,54.34,229.09,Joined,Others,Others,1
74033-ASS,Female,45,Yes,Assam,15,20,,No,No,Yes,Cable,No,No,No,No,No,No,No,Yes,Month-to-Month,No,Bank Withdrawal,25.25,25.25,0.0,0,0.0,25.25,Joined,Others,Others,1
94124-MAH,Female,21,No,Maharashtra,9,8,,Yes,No,Yes,Fiber Optic,No,No,No,No,Yes,No,No,Yes,Month-to-Month,Yes,Bank Withdrawal,79.95,174.45,0.0,0,75.4,249.85,Joined,Others,Others,1
96967-CHH,Female,33,No,Chhattisgarh,5,8,,Yes,No,Yes,Fiber Optic,No,No,No,No,Yes,Yes,Yes,Yes,Month-to-Month,Yes,Bank Withdrawal,89.35,89.35,0.0,0,5.36,94.71,Joined,Others,Others,1
39128-PUN,Male,36,No,Punjab,15,22,Deal 5,Yes,No,Yes,DSL,No,No,No,No,No,No,No,No,Month-to-Month,Yes,Bank Withdrawal,44.75,44.75,0.0,10,18.57,73.32,Joined,Others,Others,1
87024-KAR,Male,58,No,Karnataka,14,8,Deal 5,Yes,No,Yes,Fiber Optic,No,No,No,No,No,No,No,Yes,Month-to-Month,Yes,Credit Card,71.3,157.75,0.0,0,13.48,171.23,Joined,Others,Others,1
99855-MAH,Female,50,Yes,Maharashtra,5,29,,Yes,No,Yes,Fiber Optic,No,No,No,No,No,No,No,Yes,Month-to-Month,Yes,Bank Withdrawal,69.7,135.2,0.0,0,31.34,166.54,Joined,Others,Others,1
39866-MAH,Female,24,No,Maharashtra,1,12,Deal 5,Yes,No,Yes,DSL,No,No,No,No,No,No,No,No,Month-to-Month,No,Bank Withdrawal,45.55,84.4,0.0,10,83.8,178.2,Joined,Others,Others,1
36628-GUJ,Female,44,Yes,Gujarat,7,1,Deal 5,Yes,No,Yes,Fiber Optic,Yes,No,No,Yes,No,No,No,Yes,Month-to-Month,Yes,Bank Withdrawal,80.15,194.55,0.0,0,53.16,247.71,Joined,Others,Others,1
46730-ASS,Female,18,No,Assam,5,4,Deal 5,Yes,No,Yes,Fiber Optic,No,Yes,No,No,No,No,No,Yes,Month-to-Month,Yes,Bank Withdrawal,74.75,144.8,0.0,0,87.12,231.92,Joined,Others,Others,1
44700-DEL,Female,48,No,Delhi,10,19,Deal 5,Yes,Yes,Yes,Fiber Optic,No,No,No,No,Yes,No,No,No,Month-to-Month,Yes,Bank Withdrawal,84.6,84.6,0.0,0,7.34,91.94,Joined,Others,Others,1
25517-RAJ,Female,40,No,Rajasthan,4,10,,Yes,Yes,Yes,Fiber Optic,No,No,Yes,No,Yes,No,No,No,Month-to-Month,Yes,Bank Withdrawal,91.45,171.45,0.0,10,98.82,280.27,Joined,Others,Others,1
25733-HAR,Female,80,No,Haryana,8,33,Deal 5,Yes,No,Yes,Fiber Optic,No,No,Yes,No,Yes,Yes,No,No,One Year,Yes,Credit Card,95.5,181.65,0.0,10,66.2,257.85,Joined,Others,Others,1
74804-WES,Female,46,No,West Bengal,0,5,,Yes,No,Yes,Fiber Optic,No,No,No,No,No,No,No,No,Month-to-Month,Yes,Credit Card,69.6,207.4,0.0,20,86.91,314.31,Joined,Others,Others,1
28681-HAR,Female,33,No,Haryana,4,2,,Yes,No,Yes,Fiber Optic,No,No,Yes,No,No,No,No,Yes,Month-to-Month,No,Bank Withdrawal,75.55,75.55,0.0,0,7.11,82.66,Joined,Others,Others,1
92494-MAH,Female,39,Yes,Maharashtra,11,19,,Yes,No,Yes,Fiber Optic,Yes,Yes,No,No,Yes,No,No,No,Month-to-Month,Yes,Bank Withdrawal,91.15,168.5,0.0,10,93.56,272.06,Joined,Others,Others,1
79427-KAR,Male,67,Yes,Karnataka,12,21,Deal 5,Yes,No,Yes,Fiber Optic,No,No,No,No,No,No,No,Yes,Month-to-Month,No,Bank Withdrawal,70.1,141.65,0.0,0,69.98,211.63,Joined,Others,Others,1
26448-BIH,Female,57,No,Bihar,10,21,Deal 5,Yes,No,Yes,DSL,No,Yes,No,Yes,Yes,Yes,Yes,Yes,Month-to-Month,Yes,Bank Withdrawal,75.3,244.1,0.0,0,116.97,361.07,Joined,Others,Others,1
81118-MAD,Female,31,No,Madhya Pradesh,1,13,,Yes,No,Yes,Cable,No,No,No,No,No,No,No,Yes,Month-to-Month,Yes,Credit Card,45.8,45.8,0.0,0,13.62,59.42,Joined,Others,Others,1
82118-JAM,Female,69,Yes,Jammu & Kashmir,3,6,Deal 5,No,No,Yes,Cable,No,No,No,No,No,No,No,Yes,Month-to-Month,No,Mailed Check,24.2,24.2,0.0,0,0.0,24.2,Joined,Others,Others,1
61203-PUN,Female,19,No,Punjab,11,11,,Yes,Yes,Yes,Cable,No,No,No,Yes,Yes,No,No,Yes,Month-to-Month,No,Bank Withdrawal,64.6,174.2,0.0,0,122.97,297.17,Joined,Others,Others,1
58577-ODI,Female,44,Yes,Odisha,7,36,Deal 5,Yes,No,Yes,DSL,No,No,No,No,No,No,No,Yes,Month-to-Month,Yes,Credit Card,45.85,105.6,0.0,0,10.94,116.54,Joined,Others,Others,1
43908-WES,Male,36,No,West Bengal,3,25,,Yes,No,Yes,Fiber Optic,No,No,No,No,No,No,No,Yes,Month-to-Month,No,Bank Withdrawal,70.35,139.25,0.0,0,89.54,228.79,Joined,Others,Others,1
47611-WES,Male,25,No,West Bengal,4,31,,Yes,No,Yes,DSL,No,No,No,No,No,Yes,Yes,No,Month-to-Month,Yes,Bank Withdrawal,55.25,55.25,0.0,60,39.19,154.44,Joined,Others,Others,1
95594-TAM,Female,64,No,Tamil Nadu,4,1,,Yes,No,Yes,DSL,No,No,No,No,No,No,No,Yes,Month-to-Month,No,Bank Withdrawal,44.0,44.0,0.0,0,15.66,59.66,Joined,Others,Others,1
55043-UTT,Male,43,Yes,Uttar Pradesh,8,17,,Yes,No,Yes,Fiber Optic,No,No,No,No,No,No,No,No,Month-to-Month,Yes,Bank Withdrawal,69.9,69.9,0.0,10,9.36,89.26,Joined,Others,Others,1
89303-AND,Male,51,No,Andhra Pradesh,6,11,Deal 5,Yes,No,Yes,Fiber Optic,No,No,No,No,No,No,No,Yes,Month-to-Month,No,Credit Card,69.95,143.9,0.0,0,58.2,202.1,Joined,Others,Others,1
79700-KER,Female,53,No,Kerala,5,30,,Yes,Yes,Yes,Fiber Optic,No,Yes,Yes,No,Yes,Yes,Yes,Yes,Month-to-Month,No,Mailed Check,107.95,313.6,0.0,0,142.5,456.1,Joined,Others,Others,1
45771-KAR,Female,50,No,Karnataka,3,7,,Yes,No,Yes,DSL,No,No,No,No,No,No,No,Yes,Month-to-Month,No,Credit Card,44.45,44.45,0.0,0,23.34,67.79,Joined,Others,Others,1
87077-TAM,Male,62,Yes,Tamil Nadu,3,21,Deal 5,Yes,No,Yes,Cable,No,No,Yes,No,Yes,Yes,Yes,Yes,Month-to-Month,No,Credit Card,69.0,147.8,0.0,0,54.82,202.62,Joined,Others,Others,1
16032-AND,Female,47,No,Andhra Pradesh,8,18,,Yes,No,Yes,DSL,No,No,No,No,No,No,No,Yes,Month-to-Month,Yes,Bank Withdrawal,46.6,87.9,0.0,0,3.74,91.64,Joined,Others,Others,1
54172-RAJ,Female,64,Yes,Rajasthan,0,9,Deal 5,Yes,Yes,Yes,DSL,No,Yes,No,No,No,No,No,Yes,Month-to-Month,Yes,Credit Card,56.55,118.25,0.0,0,63.48,181.73,Joined,Others,Others,1
83080-HAR,Female,54,No,Haryana,9,4,,Yes,No,Yes,Fiber Optic,No,No,No,No,No,No,No,Yes,Month-to-Month,Yes,Bank Withdrawal,70.15,194.2,0.0,0,16.89,211.09,Joined,Others,Others,1
16733-ODI,Female,76,Yes,Odisha,10,1,,Yes,No,Yes,DSL,No,No,No,No,No,No,No,Yes,Month-to-Month,Yes,Credit Card,45.85,45.85,0.0,0,40.38,86.23,Joined,Others,Others,1
25763-JHA,Female,47,Yes,Jharkhand,9,3,Deal 5,Yes,No,Yes,Cable,No,No,No,No,No,No,No,Yes,Month-to-Month,No,Bank Withdrawal,44.15,44.15,0.0,0,9.82,53.97,Joined,Others,Others,1
12340-DEL,Female,51,Yes,Delhi,0,10,,Yes,No,Yes,Cable,No,No,No,No,Yes,Yes,Yes,Yes,Month-to-Month,Yes,Credit Card,62.8,62.8,0.0,0,42.19,104.99,Joined,Others,Others,1
66413-TAM,Female,53,No,Tamil Nadu,12,4,,Yes,No,Yes,Fiber Optic,No,No,No,No,Yes,No,No,No,Month-to-Month,Yes,Bank Withdrawal,80.5,232.35,0.0,0,80.58,312.93,Joined,Others,Others,1
75671-PUD,Female,34,Yes,Puducherry,8,13,,Yes,No,Yes,Cable,No,No,No,No,No,No,No,Yes,Month-to-Month,Yes,Bank Withdrawal,45.4,80.95,0.0,0,21.62,102.57,Joined,Others,Others,1
67752-MAH,Female,28,No,Maharashtra,0,24,,Yes,No,Yes,Cable,No,No,No,No,No,No,No,Yes,Month-to-Month,No,Credit Card,45.3,45.3,0.0,0,47.36,92.66,Joined,Others,Others,1
23632-HAR,Female,37,Yes,Haryana,2,16,Deal 5,Yes,No,Yes,Fiber Optic,Yes,No,No,No,Yes,Yes,Yes,Yes,Month-to-Month,No,Bank Withdrawal,97.1,184.15,0.0,0,78.7,262.85,Joined,Others,Others,1
38920-PUN,Female,50,No,Punjab,8,7,,Yes,No,Yes,Cable,No,No,No,No,No,No,No,No,Month-to-Month,Yes,Bank Withdrawal,43.85,43.85,0.0,10,15.9,69.75,Joined,Others,Others,1
84577-TEL,Female,59,Yes,Telangana,11,29,,Yes,No,Yes,Cable,No,Yes,No,No,Yes,No,No,Yes,Month-to-Month,Yes,Bank Withdrawal,59.0,114.15,0.0,0,54.04,168.19,Joined,Others,Others,1
23855-MAH,Female,53,Yes,Maharashtra,13,9,,Yes,No,Yes,DSL,No,No,No,No,No,No,No,Yes,Month-to-Month,No,Bank Withdrawal,44.9,111.05,0.0,0,10.16,121.21,Joined,Others,Others,1
43297-MAH,Male,60,No,Maharashtra,12,18,,Yes,No,Yes,Cable,No,No,No,Yes,No,No,No,No,Month-to-Month,Yes,Credit Card,50.2,109.25,0.0,10,12.68,131.93,Joined,Others,Others,1
59750-AND,Female,49,Yes,Andhra Pradesh,11,4,,Yes,Yes,Yes,Fiber Optic,No,No,No,No,No,No,No,Yes,Month-to-Month,Yes,Credit Card,74.9,136.05,0.0,0,82.16,218.21,Joined,Others,Others,1
93700-MAH,Female,57,No,Maharashtra,8,20,Deal 5,Yes,No,Yes,Cable,Yes,No,No,No,No,No,No,Yes,Month-to-Month,Yes,Credit Card,50.7,50.7,0.0,0,38.05,88.75,Joined,Others,Others,1
86369-BIH,Female,59,No,Bihar,1,2,Deal 5,Yes,Yes,Yes,DSL,No,Yes,No,No,No,No,No,No,Month-to-Month,No,Bank Withdrawal,54.3,54.3,0.0,10,34.02,98.32,Joined,Others,Others,1
81763-DEL,Male,36,Yes,Delhi,7,7,,Yes,No,Yes,Fiber Optic,Yes,No,Yes,No,No,No,No,Yes,Month-to-Month,Yes,Bank Withdrawal,80.45,137.1,0.0,0,70.82,207.92,Joined,Others,Others,1
44208-AND,Female,25,Yes,Andhra Pradesh,2,20,,Yes,Yes,Yes,DSL,No,Yes,Yes,No,Yes,No,No,No,Month-to-Month,Yes,Bank Withdrawal,69.15,235.0,0.0,0,72.84,307.84,Joined,Others,Others,1
28237-JHA,Female,52,No,Jharkhand,7,9,Deal 5,Yes,No,Yes,Fiber Optic,No,No,No,No,No,No,No,Yes,Month-to-Month,Yes,Bank Withdrawal,69.85,199.85,0.0,0,104.28,304.13,Joined,Others,Others,1
13744-AND,Female,41,Yes,Andhra Pradesh,8,3,Deal 5,Yes,No,No,,No,No,No,No,No,No,No,No,Month-to-Month,Yes,Bank Withdrawal,19.65,19.65,0.0,0,13.85,33.5,Joined,Others,Others,1
33621-MAD,Female,42,No,Madhya Pradesh,13,12,Deal 5,Yes,No,Yes,Fiber Optic,No,No,No,No,No,No,No,No,Month-to-Month,Yes,Bank Withdrawal,70.35,120.25,0.0,20,15.4,155.65,Joined,Others,Others,1
77658-AND,Male,44,No,Andhra Pradesh,0,4,Deal 5,No,No,Yes,DSL,No,No,No,No,No,No,No,Yes,Month-to-Month,Yes,Bank Withdrawal,24.4,24.4,0.0,0,0.0,24.4,Joined,Others,Others,1
13123-BIH,Female,46,No,Bihar,13,18,Deal 5,Yes,No,Yes,Fiber Optic,Yes,Yes,No,No,Yes,Yes,Yes,No,Month-to-Month,No,Bank Withdrawal,100.2,198.5,0.0,10,45.12,253.62,Joined,Others,Others,1
51751-KER,Female,62,No,Kerala,9,25,,Yes,No,Yes,Fiber Optic,No,No,No,No,No,No,No,Yes,Month-to-Month,Yes,Bank Withdrawal,70.15,123.8,0.0,0,67.5,191.3,Joined,Others,Others,1
76419-KAR,Male,46,Yes,Karnataka,14,28,,Yes,Yes,Yes,Fiber Optic,No,No,No,No,Yes,Yes,Yes,Yes,Month-to-Month,No,Bank Withdrawal,94.9,273.2,0.0,0,8.91,282.11,Joined,Others,Others,1
39332-TEL,Female,44,Yes,Telangana,6,8,,Yes,No,Yes,Fiber Optic,No,No,No,No,Yes,No,No,No,Month-to-Month,Yes,Bank Withdrawal,80.55,80.55,0.0,60,5.93,146.48,Joined,Others,Others,1
49304-KAR,Female,32,Yes,Karnataka,6,33,,Yes,Yes,Yes,DSL,No,No,No,No,No,No,No,Yes,Month-to-Month,Yes,Credit Card,49.8,49.8,0.0,0,3.97,53.77,Joined,Others,Others,1
31129-AND,Male,68,No,Andhra Pradesh,15,15,,Yes,No,Yes,Fiber Optic,No,No,No,No,No,No,No,No,Month-to-Month,Yes,Bank Withdrawal,70.35,70.35,0.0,10,14.42,94.77,Joined,Others,Others,1
92228-BIH,Female,22,Yes,Bihar,10,9,,No,No,Yes,Cable,No,No,No,No,No,No,No,Yes,Month-to-Month,Yes,Credit Card,25.15,25.15,0.0,0,0.0,25.15,Joined,Others,Others,1
37131-MAH,Male,52,No,Maharashtra,6,2,,Yes,No,Yes,Fiber Optic,No,No,No,No,Yes,Yes,Yes,Yes,Month-to-Month,Yes,Bank Withdrawal,89.25,89.25,0.0,0,16.64,105.89,Joined,Others,Others,1
17597-HAR,Female,33,Yes,Haryana,2,6,Deal 5,No,No,Yes,DSL,No,Yes,No,No,No,No,No,Yes,Month-to-Month,Yes,Bank Withdrawal,29.85,29.85,0.0,0,0.0,29.85,Joined,Others,Others,1
38577-BIH,Female,30,Yes,Bihar,6,36,,Yes,No,Yes,DSL,No,No,No,No,No,No,No,Yes,Month-to-Month,Yes,Bank Withdrawal,44.5,90.05,0.0,0,61.74,151.79,Joined,Others,Others,1
53350-TEL,Male,37,Yes,Telangana,6,22,,Yes,Yes,Yes,Fiber Optic,No,No,No,No,No,No,No,Yes,Month-to-Month,No,Bank Withdrawal,74.5,217.45,0.0,0,20.91,238.36,Joined,Others,Others,1
78220-TAM,Female,21,Yes,Tamil Nadu,14,10,,Yes,No,Yes,Fiber Optic,No,No,Yes,Yes,Yes,No,Yes,Yes,Month-to-Month,Yes,Credit Card,89.85,244.45,0.0,0,75.3,319.75,Joined,Others,Others,1
52641-JHA,Female,44,Yes,Jharkhand,7,29,,Yes,No,Yes,Fiber Optic,No,No,No,No,No,No,No,Yes,Month-to-Month,No,Mailed Check,71.1,71.1,0.0,0,37.51,108.61,Joined,Others,Others,1
61025-MAH,Female,45,No,Maharashtra,4,16,Deal 5,Yes,No,Yes,DSL,No,No,Yes,No,No,No,No,Yes,Month-to-Month,Yes,Bank Withdrawal,49.85,49.85,0.0,0,42.55,92.4,Joined,Others,Others,1
27461-MAD,Male,22,Yes,Madhya Pradesh,7,6,Deal 5,Yes,No,Yes,Cable,No,No,No,No,No,No,No,Yes,Month-to-Month,Yes,Credit Card,44.55,44.55,0.0,0,23.04,67.59,Joined,Others,Others,1
41196-MAH,Female,29,Yes,Maharashtra,11,10,Deal 5,Yes,No,Yes,DSL,No,No,No,No,No,No,No,No,Month-to-Month,Yes,Bank Withdrawal,45.0,45.0,0.0,10,40.63,95.63,Joined,Others,Others,1
88215-KAR,Female,19,No,Karnataka,5,10,Deal 5,Yes,Yes,Yes,DSL,No,No,No,No,No,No,No,Yes,Month-to-Month,Yes,Bank Withdrawal,50.05,50.05,0.0,0,43.05,93.1,Joined,Others,Others,1
71197-PUN,Female,38,No,Punjab,0,33,Deal 5,Yes,No,Yes,Cable,Yes,No,Yes,No,Yes,Yes,Yes,Yes,Month-to-Month,Yes,Bank Withdrawal,77.4,206.15,0.0,0,133.26,339.41,Joined,Others,Others,1
51214-MAH,Male,28,No,Maharashtra,12,22,,Yes,No,Yes,Fiber Optic,No,No,Yes,No,No,No,No,No,Month-to-Month,Yes,Credit Card,73.6,232.5,0.0,10,82.02,324.52,Joined,Others,Others,1
67941-PUN,Female,46,No,Punjab,9,13,Deal 5,Yes,Yes,Yes,DSL,No,Yes,No,No,No,No,No,No,Month-to-Month,No,Credit Card,54.15,101.65,0.0,10,42.6,154.25,Joined,Others,Others,1
82965-TEL,Female,38,No,Telangana,8,20,,Yes,No,Yes,Cable,No,No,No,No,No,No,No,No,Month-to-Month,No,Credit Card,44.75,148.05,0.0,10,104.67,262.72,Joined,Others,Others,1
99862-BIH,Female,30,No,Bihar,12,9,Deal 5,Yes,No,Yes,Fiber Optic,No,No,No,Yes,No,No,No,Yes,Month-to-Month,No,Bank Withdrawal,74.0,74.0,0.0,0,23.7,97.7,Joined,Others,Others,1
41235-WES,Female,37,No,West Bengal,8,10,Deal 5,Yes,No,Yes,DSL,No,No,No,No,No,No,No,Yes,Month-to-Month,Yes,Bank Withdrawal,44.8,44.8,0.0,0,27.46,72.26,Joined,Others,Others,1
81235-JHA,Female,42,Yes,Jharkhand,9,32,Deal 5,Yes,No,Yes,DSL,No,No,No,No,No,No,No,Yes,Month-to-Month,Yes,Credit Card,44.9,44.9,0.0,0,15.76,60.66,Joined,Others,Others,1
89154-RAJ,Female,47,No,Rajasthan,5,3,Deal 5,Yes,No,Yes,Cable,No,Yes,No,No,No,No,No,Yes,Month-to-Month,No,Credit Card,49.2,103.7,0.0,0,58.56,162.26,Joined,Others,Others,1
29371-WES,Female,23,No,West Bengal,14,9,Deal 5,Yes,No,Yes,DSL,No,No,No,No,No,Yes,Yes,Yes,Month-to-Month,Yes,Bank Withdrawal,55.3,108.65,0.0,0,87.86,196.51,Joined,Others,Others,1
28782-PUN,Male,58,Yes,Punjab,8,7,Deal 5,Yes,No,Yes,DSL,No,No,No,No,No,No,No,Yes,Month-to-Month,Yes,Mailed Check,44.95,44.95,0.0,0,13.63,58.58,Joined,Others,Others,1
54997-UTT,Female,55,No,Uttar Pradesh,7,23,,Yes,No,Yes,DSL,No,No,No,No,No,No,No,Yes,Month-to-Month,Yes,Credit Card,44.0,44.0,0.0,0,26.15,70.15,Joined,Others,Others,1
56728-RAJ,Male,40,No,Rajasthan,0,1,,Yes,No,Yes,DSL,No,No,No,No,No,No,No,Yes,Month-to-Month,No,Credit Card,45.6,45.6,0.0,0,37.44,83.04,Joined,Others,Others,1
